건조에 강한 실내식물,,,,,,,,,,,,
,,,,,,,,,,,,
이름,학명,원산지,엽색변화,뿌리형태,생장형,월동온도,광,물주기,번식,관리요구도,배치장소,TIP
청옥,"Sedum burrito, 돌나물과",멕시코,황록색,가는 뿌리,"봄~가을 성장 (여름생장형, 겨울에 휴면)",5°C,햇빛을 잘 받게 하여 웃자라지 않도록 함,한 달에 두 번 정도 흠뻑 주며 전체적으로 관수,"포기나누기, 잎꽂이
분갈이는 4~5월이 적당하며, 배수가 잘되는 용토에
심어 관리",잘 견딤,발코니 창측까지 이용 가능함,건조하게 관리하여 식물을 작게 키움
세덤 '라울',"Sedum clavatum 'Lawool' , 돌나물과",멕시코,"연녹색의 잎에 백분이 있으며, 잎끝에 붉은 점이 있음",가는 뿌리,"봄~가을 성장 (여름생장형, 겨울에 휴면)",5°C,충분한 광이 필요함,한 달에 두 번 정도 흠뻑 주며 전면관수,"잎꽂이, 자구꽂이",약간 돌봄,"발코니 내측까지 이용 가능함
창측에 비해 약간 키가 커지지만 관상가치 있음",
세덤 '리틀잼',"Sedum 'LittleGem' , 돌나물과",캘리포니아,짙은 녹색의 잎이 환경에 따라서 붉은빛으로 물듦,가는 뿌리,"봄~가을 성장 (여름생장형, 겨울에 휴면)",3~5°C,충분한 광이 필요함,여름 장마철에 관수에 주의함,"잎꽂이, 자구꽂이",필요함,발코니 창측까지 이용 가능함,
환엽송록,"Sedum lucidum 'Obesum' , 돌나물과",멕시코,햇빛을 많이 받으면 잎끝이 붉게 물듦,가는 뿌리,"봄~가을 성장 (여름생장형, 겨울에 휴면)",5°C,강한 햇빛에서 키워야 웃자라지 않고 통통하고 붉게 물듦,한 달에 두 번 정도 흠뻑 줌,"잎꽂이, 자구꽂이",약간 돌봄,발코니 창측까지 이용 가능함,통풍이 잘되는 곳에서 건조하게 키움
황금세덤,"Sedum makinoi, 돌나물과",미국,햇빛을 받으면 연두색으로 변함,가는 뿌리,"봄~가을 성장 (여름생장형, 겨울에 휴면)",5°C,빛을 못 보면 웃자람이 심함,한 달에 두 번가량 분의 흙이 젖게끔 관수함,"포기나누기, 줄기꽂이",잘 견딤,발코니 창측까지 이용 가능함,
옥주염,"Sedum morganianum, 돌나물과","멕시코, 온두라스",연한 백녹색,가는 뿌리,"봄~가을 성장(여름생장형, 겨울에 휴면)",5°C,밝은 그늘,여름 장마철에는 관수를 줄임,"잎꽂이, 자구꽂이",약간 돌봄,"발코니 내측까지 이용 가능함
- 잎의 형태와 모양을 유지함",관리하기 어려운 점은 접촉하면 잎이 부서지듯이 떨어짐
을녀심,"Sedum pachyphyllum, 돌나물과",멕시코,햇빛을 잘 받으면 잎이 빨갛게 물듦,가는 뿌리,"봄~가을 성장(여름생장형, 겨울에 휴면)",5°C,강한 햇빛을 봐야 웃자람이 없음,"물은 분 흙이 충분히 마르면 주되 과습을 피함
여름철 장마철과 겨울철에는 더 건조하게 키움","잎꽂이, 자구꽂이, 줄기꽂이",약간 돌봄,,
홍옥,"Sedum rubrotinctum, 돌나물과",멕시코,"봄, 여름철 녹색인 잎이 가을 햇빛을 받으면 붉게 물듦",,"봄~가을 성장 (여름생장형, 겨울에 휴면)",5°C,충분한 광이 필요함,건조에 강하므로 가급적 잦은 물 주기를 자제함,"잎꽂이, 자구꽂이",잘 견딤,,"가을에 관수를 적게 하고 강한 광선을 쬐면 붉게 물듦
아랫부분 시든 잎을 따줘야 위에 남은 잎들이 통통하게 자람"
세데베리아 ‘레티지아’,"Sedeveria 'Letizia' , 돌나물과",영국,연녹색의 잎이 가을 햇빛을 받으면 붉은색으로 물듦,가는 뿌리,"봄 ~가을 성장 (여름생장형, 겨울에 휴면)",5°C,충분한 햇빛을 요구함(여름철 반그늘에서 키움),여름 장마철과 추운 겨울에는 관수를 줄임,"잎꽂이, 자구꽂이",약간 돌봄,발코니 창측까지 이용 가능함,
세데베리아 ‘팡파레’,"Sedeveria 'Fanfare' , 돌나물과",,환경에 따라 옅은 녹색의 잎이 약간 노랑색이 도는 정도로 변함,가는 뿌리,"봄~가을 성장 (여름생장형, 겨울에 휴면)",5°C,충분한 햇빛(직사광선)을 요구함,한 달에 두 번 정도 흠뻑 관수함,잎꽂이,필요함,발코니 창측까지 이용 가능함,"잎이 시들어 가는 과정은 목질화가 되어가는
과정이므로 미관상 시들은 잎을 수시로 따주며 관리함"
바위솔,"Orostachys japonica, 돌나물과",한국,잎 가장자리 선명한 붉은색으로 변함,가는 뿌리,"봄~가을 성장 (여름생장형, 겨울에 휴면)",0°C,햇빛이 부족하면 웃자라므로 충분한 햇빛 요구,2주에 한 번 정도 흠뻑 관수,"꺾꽂이(삽목), 포기나누기(분주)",약간 돌봄,"발코니 창측까지 이용 가능함
- 발코니 내측에서는 꽃대가 웃자라 지탱하지 못하고 쓰러짐",
녹영,"Senecio rowleyanus, 국화과",서남아프리카,푸른 완두콩 같은 구슬 모양의 잎,가는 뿌리,"봄~가을 성장 (여름생장형, 겨울에 휴면)",5~10°C,"한여름에는 반그늘, 이외에는 충분한 햇빛을 쬠","분 흙의 표면이 마르면 2일 정도 기다린 후 관수
겨울철에는 공기 중의 습도를 유지해 주는 정도로 분무","줄기꽂이, 포기나누기",잘 견딤,"발코니 창측까지 이용 가능함
- 가장 끝에 있는 줄기가 가늘어지나 전반적인 형태 변화 없음","채광이 충분할수록 잎이 작고 촘촘히 맺히지만
하지만, 직사광선에서는 화상의 위험이 있음
10월 중순부터 물주는 횟수를 서서히 줄임"
천장금,"Adropmischus clavifolius, 돌나물과",남아프리카,,가는 뿌리,"가을~봄 성장 (겨울생장형, 여름에 휴면)",10~15 °C,"하루 4시간 정도 강한 광선이나 반그늘
직사광선을 좋아하나 너무 쪼이면 성장이 더딤","여름과 겨울동안은 잎을 적셔 주는 정도의
수분이면 충분하며, 이외 성장기엔 규칙적인 관수 필요","줄기꽂이, 잎꽂이, 파종",필요함,"발코니 내측까지 이용 가능함
- 형태 그대로 유지함",
핑크세도이데스,"Echeveria macdougallii, 돌나물과",멕시코,빛을 충분히 받으면 잎 가장자리가 선홍색으로 물듦,가는 뿌리,,5°C,,한 달에 두 번 정도 흠뻑 관수,"잎꽂이, 줄기꽂이",약간 돌봄,"발코니 내측까지 이용 가능함
- 선명한 초록색으로 잎이 넓어짐",
에케베리아 ‘제이드포인트’,"Echeveria agavoides 'JadePoint' , 돌나물과",유럽,진한 녹색의 잎 뒷면이 붉은색으로 물듦,가는 뿌리,"봄~가을 성장 (여름생장형, 겨울에 휴면)",0°C,밝은 광선 요구,"봄과 여름에는 충분히 관수해 주고 겨울에는
거의 건조하게 관리, 배수성을 좋게 해줌","파종, 줄기꽂이, 잎꽂이",약간 돌봄,"발코니 창측까지 이용 가능함
- 잎이 아래로 쳐짐","성장이 느리지만 잘 자라기 위해서는 충분한
공간 확보
봄과 여름이 성장기이므로 이 시기에 물을
규칙적으로 충분히 관수, 겨울동안엔 가급적
건조하게 관리"
에케베리아 ‘레이디스핑거’,"Echeveria agavoides 'Lady's finger' , 돌나물과",멕시코,진한 녹색의 잎 뒷면이 붉은색으로 물듦,가는 뿌리,"봄~가을 성장 (여름생장형, 겨울에 휴면)",5°C,밝은 광선 요구,한 달에 두 번 정도 흠뻑 관수,"파종, 줄기꽂이, 잎꽂이",필요함,발코니 창측까지 이용 가능함,성장이 느리지만 잘 자라기 위해서는 충분한 공간 유지함
에케베리아 ‘크리스마스’,"Echeveria agavoides 'Christmas' , 돌나물과","멕시코, 남아메리카","녹색의 잎이 봄, 가을이 되면 잎의 가장자리가
붉은색으로 물듦",가는 뿌리,"봄~가을 성장 (여름생장형, 겨울에 휴면)",3°C,"밝은 광선을 요구
여름철에는 약간의 차광이 필요",한 달에 두 번 정도 흠뻑 전면 관수,"파종, 줄기꽂이, 잎꽂이",약간 돌봄,발코니 창측까지 이용 가능함,"봄과 여름이 성장기이므로 이 기간에 물을 충분히
규칙적으로 주고, 겨울동안엔 가급적 건조하게 관리"
에케베리아 ‘치와와린제’,"Echeveria 'Chihuahualindsa' , 돌나물과",멕시코,"잎에 있는 붉은색의 가시가 빛을 충분히 받으면
검붉은색으로 변함",가는 뿌리,"봄~가을 성장 (여름생장형, 겨울에 휴면)",0°C,"햇빛과 통풍이 잘되는 곳에서 기름
강한 빛을 볼수록 더 짱짱하게 자람","한 달에 두 번 정도 흠뻑 전면 관수
여름 장마철과 겨울에는 관수 줄임","잎꽂이, 자구꽂이",약간 돌봄,"발코니 내측까지 이용 가능함
- 지상부의 부피감이 커지고 한가지 색을 띰",
홍화장,"Echeveria 'Victor' , 돌나물과",브라질,가을철 서늘해지면 잎 가장자리가 적색으로 물듦,가는 뿌리,"봄~가을 성장 (여름생장형, 겨울에 휴면)",5°C,"햇빛과 통풍이 좋은 곳에서 기름
웃자라지 않기 위해 강한 햇빛을 요구",한 달에 두 번 정도 흠뻑 전면 관수함,"잎꽂이, 자구꽂이",약간 돌봄,"발코니 창측까지 이용 가능함
- 잎이 많이 떨어져 본래의 형태와 다른 모습으로
변하지만 관상가치 유지함",
에케베리아 ‘펀퀸’,"Echeveria 'Fun Queen' , 돌나물과",일본,잎 가장자리가 연한 붉은색으로 변함,가는 뿌리,"봄~가을 성장 (여름생장형, 겨울에 휴면)",3°C,"햇빛과 통풍이 좋은 곳에서 기름
강한 빛을 받을 수록 더 잘 자람",한 달에 두 번 정도 흠뻑 전면관수,"잎꽂이, 자구꽂이",약간 돌봄,"발코니 내측까지 이용 가능함
- 지상부의 부피감이 커지나 웃자라지 않음",
정야,"Echeveria 'Derenbergii' , 돌나물과",멕시코,"연한청록색의 잎에 백분이 있으며, 빛을 충분히
받으면 잎 가장자리가 옅은 주황색으로 물듦",가는 뿌리,"가을~봄 성장 (겨울생장형, 여름에 휴면)",3°C,충분한 광 요구,"한 달에 한 번 전체적으로 관수
여름 장마철에 과습하지 않게 관리","잎꽂이, 자구꽂이",약간 돌봄,"발코니 내측까지 이용 가능함
- 잎이 조금씩 커지고 벌어지면서 전체적인 부피감이 커짐",물을 극히 아껴야 웃자람이 덜함
에케베리아 ‘도리스테일러’,"Echeveria 'Doris Taylor' , 돌나물과",멕시코,잎에 솜털이 있으며 가을철에 잎 끝이 붉게 물듦,가는 뿌리,"봄~가을 성장 (여름생장형, 겨울에 휴면)",0°C,부분적인 직사광선이나 밝은 그늘이 좋음,"한 달에 두 번 정도 흠뻑 전면 관수
건조하지 않게 관리","잎꽂이, 자구꽂이",약간 돌봄,"발코니 창측까지 이용 가능함
- 절간장이 길어지면서 전체적으로 키가 자라고
잎이 넓어지면서 원래 형태와는 완전히 달라지지만
관상 가치 있음",
에케베리아 ‘라즈베리아이스’,"Echeveria gilva 'Razberry ice' , 돌나물과",멕시코,잎끝이 분홍색으로 물듦,가는 뿌리,"봄~가을 성장 (여름생장형, 겨울에 휴면)",5°C,"강한 빛을 받을수록 잎에 물이 잘 들고 잘 자람
여름철에는 반나절정도 그늘에서 관리",한 달에 두 번 정도 흠뻑 전면 관수한다.,"잎꽂이, 자구꽂이",필요함,발코니 창측까지 이용 가능함,
부용,"Echeveria harmsii, 돌나물과",멕시코,"밤낮의 일교차와 햇빛에 따라 잎 가장자리가
붉은색으로 물듦",가는 뿌리,"봄~가을 성장 (여름생장형, 겨울에 휴면)",5°C,"강한 빛을 받을수록 잎의 물이 잘 들며 잘 자람
여름철에는 반나절 그늘에서 관리",2주에 한 번 정도 분 흙이 마르면 흠뻑 관수,잎꽂이,잘 견딤,"발코니 내측까지 이용 가능함
- 형태변화는 없고, 내측에서 약간의 붉은빛 발현됨","여름에 적심하면 모체가 죽기 쉬움
다습하면 도장하기 쉬우므로 건조하게 관리"
에케베리아 ‘미니벨’,"Echeveria hummel 'Minibelle' , 돌나물과",멕시코,빛을 받으면 테두리부터 붉은색으로 물듦,가는 뿌리,"봄~가을 성장 (여름생장형, 겨울에 휴면)",5°C,웃자라지 않기 위해 강한 빛을 받아야 함,한 달에 두 번 정도 흠뻑 전면 관수,"잎꽂이, 자구꽂이",잘 견딤,발코니 창측까지 이용 가능함,
먼로,"Echeveria lauii X E. lindsayana, 돌나물과",멕시코,빛을 받으면 잎끝이 붉게 물듦,가는 뿌리,"봄~가을 성장 (여름생장형, 겨울에 휴면)",5°C,강한 빛,"한 달에 두 번 정도 흠뻑 전면 관수, 건조하게
키워야하고, 특히 겨울철에는 더욱 건조하게 키움","잎꽂이, 자구꽂이",약간 돌봄,"발코니 창측까지 이용 가능함
- 잎이 아래로 쳐짐",
에케베리아 ‘라임앤칠리’,"Echeveria 'Lime & Chili' , 돌나물과",멕시코,잎 끝이 연한 붉은색으로 변함,가는 뿌리,"봄~가을 성장 (여름생장형, 겨울에 휴면)",5°C,충분한 광 요구,"한 달에 두 번 정도 흠뻑 전면 관수
건조하게 키워야 하고, 특히 겨울철에는 더욱
건조하게 키움","잎꽂이, 자구꽂이",약간 돌봄,"발코니 창측까지 이용 가능함
- 잎이 아래로 쳐짐",
몰라코,"Echeveria melaco, 돌나물과",멕시코,검붉은색으로 물듦,,"봄~가을 성장 (여름생장형, 겨울에 휴면)",5°C,충분한 광 요구,"한 달에 두 번 정도 흠뻑 전면 관수, 건조하게
키워야 하고, 특히 겨울철에는 더욱 건조하게 키움","잎꽂이, 자구꽂이",약간 돌봄,"발코니 창측까지 이용 가능함
- 잎이 약간 쳐짐",성장이 더딤
홍매화,"Echeveria multicaulis 'Ginmei-Tennyo' , 돌나물과",일본,"잎 뒷면, 가장자리가 붉은색으로 변함",가는 뿌리,"봄~가을 성장 (여름생장형, 겨울에 휴면)",5°C,강한 빛,"한 달에 두 번 정도 흠뻑 전면 관수
건조하게 키워야 하고, 특히 겨울철에는 더욱
건조하게 키움","잎꽂이, 자구꽂이",약간 돌봄,"발코니 창측까지 이용 가능함
- 잎이 커지고 아래를 향하면서 키가 커짐
웃자라 보이지 않음",
샤비홍,"Echeveria 'Painted Frills' , 돌나물과",,햇빛을 충분히 받으면 검붉은 색으로 물듦,,"봄~가을 성장 (여름생장형, 겨울에 휴면)",5°C,하루 4~5시간 이상 광 요구,"한 달에 두 번 정도 흠뻑 전면 관수
여름 장마철과 겨울엔 관수량을 줄임","잎꽂이, 자구꽂이",필요함,발코니 창측까지 이용 가능함,
양로,"Echeveria subssilis, 돌나물과",멕시코,충분한 빛을 받으면 분홍빛이 도는 은청색으로 물듦,가는 뿌리,"봄~가을 성장 (여름생장형, 겨울에 휴면)",5°C,"양지, 반음지, 강한 직사광선을 피함","봄~여름에는 수분을 충분히 공급하고 겨울에는
관수하지 않음",잎꽂이,약간 돌봄,,
라일락,"Echeveria 'Perle's Pride' , 돌나물과",멕시코,충분한 빛을 받으면 연보라색으로 물듦,가는 뿌리,"봄~가을 성장 (여름생장형, 겨울에 휴면)",5°C,"일광이 부족할 경우 잎이 빛을 받기 위해 도장하여
휘어지므로 주의",한 달에 두 번 충분히 관수,"잎꽂이, 자구꽂이",약간 돌봄,발코니 창측까지 이용 가능함,
금황성,"Echeveria pulvinata, 돌나물과","멕시코, 페루","백색 융모가 있는 녹색 잎은 봄철 잎끝이 짙은
적색으로 물듦",가는 뿌리,"봄~가을 성장 (여름생장형, 겨울에 휴면)",5°C,반그늘이나 양지바른 곳에서 키움,"봄과 여름에는 충분히 관수하고 겨울철에는
관수량을 줄임, 배수가 잘 되야 함","잎꽂이, 줄기꽂이",약간 돌봄,발코니 창측까지 이용 가능함,
에케베리아 푸미라,"Echeveria pumila, 돌나물과",멕시코,빛을 충분히 받으면 잎 뒷면이 붉게 물듦,,"봄~가을 성장 (여름생장형, 겨울에 휴면)",0°C,"강한 광을 좋아하고, 강한 햇빛을 받을 수록 더 짱짱해짐","봄과 여름에는 충분히 관수하고 겨울철에는
관수량을 줄이거나 절수, 배수가 잘 되야 함","잎꽂이, 자구꽂이",필요함,발코니 창측까지 이용 가능함,
대화금,"Echeveria purpusorum, 돌나물과",멕시코,잎 뒷면 연한 붉은색,가는 뿌리,"봄~가을 성장 (여름생장형, 겨울에 휴면)",5°C,반그늘,"한 달에 두 번 정도 전체적으로 흠뻑 관수
여름 장마철과 겨울에는 절수해야 함","잎꽂이, 자구꽂이, 종자번식",필요함,발코니 창측까지 이용 가능함,
에케베리아 ‘톱시터비’,"Echeveria runyonii 'Topsy Turvy' , 돌나물과",멕시코,빛을 충분히 받으면 회녹색 잎의 끝이 붉게 물듦,,"봄~가을 성장 (여름생장형, 겨울에 휴면)",5°C,"햇빛과 통풍이 잘되는 곳에서 기름
강한 햇빛을 받을 수록 더 튼실해짐","봄과 여름에는 충분히 관수하고 겨울철에는
관수량을 줄임, 배수가 잘 되어야 함","잎꽂이, 자구꽂이",필요함,발코니 창측까지 이용 가능함,"잎면이 백분으로 형성되어 있어 관수 후 잎에
물방울이 남아 있을 경우 잎이 햇빛에 타므로 주의"
에케베리아 ‘글라우카’,"Echeveria secunda 'Glauca' , 돌나물과","남아프리카, 모로코",납회색의 잎이 가을이 되면 분홍색으로 물듦,,"가을~봄 성장 (겨울생장형, 여름에 휴면)",3~7°C,"직사광선, 강한 햇빛을 봐야 웃자라지 않음","매우 건조하게 관리
건조하게 키우지 않으면 마디가 부러지는 습성이 있음
휴면기에는 절수함","자구꽂이, 잎꽂이",잘 견딤,발코니 창측까지 이용 가능함,저온에서도 잘 견딤
구미리,"Echeveria spectabilis 'KUMENOSATO' , 돌나물과",멕시코,전체적으로 붉은 빛,가는 뿌리,"봄~가을 성장 (여름생장형, 겨울에 휴면)",0°C,"양지, 반음지",건조하게 관리,"종자번식, 잎꽂이, 줄기꽂이",약간 돌봄,"발코니 내측까지 이용 가능함
- 형태의 변화는 크지 않으나 잎의 색은 창측과
달리 연한 녹색 빛을 띰",
조몽,"Echeveria wardii, 돌나물과",멕시코,빛을 충분히 받으면 분홍색으로 물듦,,"봄~가을 성장 (여름생장형, 겨울에 휴면)",5°C,로제트형에서 직립형으로 자람,더위에 약하므로 여름철에는 적게 관수함,잎꽂이,약간 돌봄,"발코니 창측까지 이용 가능함
- 로제트형에서 직립형으로 자람",
에케베리아 ‘릴리시아나’,"Echeveria 'Liliciana' , 돌나물과","멕시코, 오클랜드, 캘리포니아",햇빛을 많이 받으면 분홍색으로 물듦,가는 뿌리,"봄~가을 성장 (여름생장형, 겨울에 휴면)",0°C,"햇빛과 통풍이 좋은 곳에서 기름
강한 빛을 받을 수록 더 짱짱하게 자람","한 달에 두 번 정도 흠뻑 전면 관수
여름 장마철과 겨울에는 관수량을 줄여줌","잎꽂이, 자구꽂이",약간 돌봄,"발코니 내측까지 이용 가능함
- 잎이 꽃잎처럼 전개됨",
환엽홍사,"Echeveria nodulosa 'Maruba Benithukasa' , 돌나물과",멕시코,"봄, 가을에 짙은 보라색으로 물듦",가는 뿌리,"봄~가을 성장 (여름생장형, 겨울에 휴면)",5°C,햇빛과 통풍이 좋은 곳에서 기름,"봄과 여름에는 충분히 관수하고, 겨울철에는
관수량을 줄임
배수가 잘 되어야 함","잎꽂이, 자구꽂이",필요함,발코니 창측까지 이용 가능함,
에케베리아 ‘데저스스타’,"Echeveria 'Desert Star' , 돌나물과",멕시코,햇빛을 많이 받으면 잎 가장자리에 분홍색 물듦,가는 뿌리,"봄~가을 성장 (여름생장형, 겨울에 휴면)",0°C,햇빛과 통풍이 좋은 곳에서 기름,"봄과 여름에는 충분히 관수하고, 겨울철에는
관수량을 줄임
배수가 잘 되어야 함","잎꽂이, 자구꽂이",필요함,발코니 창측까지 이용 가능함,
에케베리아 톨루센시스,"Echeveria tolucensis, 돌나물과",멕시코,햇빛을 많이 받으면 잎 끝이 분홍색으로 물듦,가는 뿌리,"봄~가을 성장 (여름생장형, 겨울에 휴면)",0°C,햇빛과 통풍이 좋은 곳에서 기름,"봄과 여름에는 충분히 관수하고 겨울철에는
관수량을 줄임
배수가 잘 되어야 함","잎꽂이, 자구꽂이",약간 돌봄,"발코니 내측까지 이용 가능함
- 잎이 아래를 향해 벌어져 땅가에 붙어 자라는 듯 보임",
에케베리아 ‘미니캐슬’,"Echeveria 'Mini Castle' , 돌나물과",멕시코,햇빛을 많이 받으면 잎 끝이 분홍색으로 물듦,가는 뿌리,"봄~가을 성장 (여름생장형, 겨울에 휴면)",0°C,햇빛과 통풍이 좋은 곳에서 기름,"봄과 여름에는 충분히 관수하고 겨울철에는
관수량을 줄임
배수가 잘 되어야 함","잎꽂이, 자구꽂이",필요함,,
에케베리아 ‘블루에뜨’,"Echeveria peacockckii 'Bluete' , 돌나물과",멕시코,,가는 뿌리,"봄~가을 성장 (여름생장형, 겨울에 휴면)",0°C,밝은 그늘에서 키움,"봄과 여름에는 충분히 관수하고 겨울철에는
관수량을 줄임
배수가 잘 되야 함","파종
종자는 21°C에서 10~18일이 지나면 발아하고
발아 2달이 지난 후 이식",약간 돌봄,,
에케베리아 ‘탱고’,"Echeveria sp. 톱시터비의 교배품종, 돌나물과","멕시코, 오클랜드, 캘리포니아",햇빛을 많이 받으면 분홍색으로 물듦,가는 뿌리,"봄~가을 성장 (여름생장형, 겨울에 휴면)",0°C,햇빛과 통풍이 좋은 곳에서 기름,"봄과 여름에는 충분히 관수하고 겨울철에는
관수량을 줄이거나 절수 배수가 잘 되어야 함","잎꽂이, 자구꽂이",필요함,발코니 창측까지 이용 가능함,
연봉,"Graptoveria 'Bainesii' , 돌나물과",멕시코,"붉은색의 잎이 저온에서는 푸른빛이 나는
붉은색으로 변함
빛이 충분할수록 잎 전체가 보랏빛으로 변함",가는 뿌리,"봄~가을 성장 (여름생장형, 겨울에 휴면)",0°C,"직사광선을 피함
하루 4~5시간 이상 광 요구","성장기에는 한 달에 2회 정도 관수
휴면기와 겨울철에는 한 달에 1회 겉흙이 젖을
정도로만 관수
여름 장마철에는 관수를 중단","봄과 여름에 줄기꽂이, 잎꽂이",약간 돌봄,"발코니 내측까지 이용 가능함
- 보라색의 반점을 띠고, 잎이 넓어지고 커짐","깨끗한 화분 용토에 새로 자른 단측지를 사용하면
번식이 잘됨"
백모단,"Graptoveria 'Titubans' , 돌나물과, 용월과 정야의 교배종",일본,봄과 가을의 건조기에는 잎이 연보라색을 띰,가는 뿌리,"봄~가을 성장 (여름생장형, 겨울에 휴면)",0°C,"직사광선을 피함
하루 4~5시간 이상 햇빛을 보게 함","한 달에 두 번 정도 전체적으로 흠뻑 관수
여름 장마철과 겨울에는 절수함","봄과 여름에 줄기꽂이, 잎꽂이",약간 돌봄,발코니 창측까지 이용 가능함,"깨끗한 화분 용토에 새로 자른 단측지를 사용하면
번식이 잘됨"
그랍토베리아 ‘데비’,"Graptoveria 'Debby' , 돌나물과",멕시코,"옅은 백분이 있으며, 전체적으로 분홍빛을 나타냄",가는 뿌리,"봄~가을 성장 (여름생장형, 겨울에 휴면)",5°C,"직사광선을 피함
하루 4~5시간 이상 광 요구","보통 2주 주기로 전면 관수
여름 장마철과 겨울에는 절수함","봄과 여름에 줄기꽂이, 잎꽂이",약간 돌봄,발코니 창측까지 이용 가능함,"깨끗한 화분 용토에 새로 자른 단측지를 사용하면
번식이 잘됨"
그랍토베리아 ‘실버스타’,"Graptoveria 'Silverstar' , 돌나물과",남아프리카,"잎이 전체적으로 은색광택을 나타내며 잎끝이
붉은색을 띰",가는 뿌리,"봄~가을 성장 (여름생장형, 겨울에 휴면)",0°C,,"한 달에 두 번 정도 전체적으로 흠뻑 관수
여름 장마철과 겨울에는 절수해야 함","잎꽂이, 자구꽂이",약간 돌봄,"발코니 내측까지 이용 가능함
- 선명한 초록색으로 변함",
흑괴리,"Graptoveria 'FredIvers' , 돌나물과",멕시코,"청록색의 잎이 환경에 따라 점차 검붉은색으로 물듦
얼룩덜룩하게 물들기 시작",,"봄~가을 성장 (여름생장형, 겨울에 휴면)",0°C,,"한 달에 두 번 정도 전체적으로 흠뻑 관수
여름 장마철과 겨울에는 절수해야 함","봄과 여름에 줄기꽂이, 잎꽂이",약간 돌봄,발코니 창측까지 이용 가능함,
그랍토베리아 ‘퍼플드림’,"Graptoveria 'Purpledream' , 돌나물과",멕시코,,가는 뿌리,"봄~가을 성장 (여름생장형, 겨울에 휴면)",0°C,"강한 햇빛에서 관리
햇빛이 부족하면 잎 간격이 길어지고 잎 모양이 성글어짐","한 달에 두 번 정도 전체적으로 흠뻑 관수
여름 장마철과 겨울에는 절수해야 함","봄, 여름에 줄기꽂이, 잎꽂이",약간 돌봄,발코니 창측까지 이용 가능함,
그랍토페탈룸 멘도자,"Graptopetalum mendozae, 돌나물과",멕시코,강한 빛을 받으면 잎끝이 붉게 물듦,가는 뿌리,"봄~가을 성장 (여름생장형, 겨울에 휴면)",0°C,충분한 빛,"약 한 달 주기로 물을 줌
겨울철에는 잎에 주름이 생기면 줌","줄기꽂이, 잎꽂이",약간 돌봄,발코니 창측까지 이용 가능함,겨울에 번식이 어려움
홍용월,"Graptopetalum paraguayense, 돌나물과",멕시코,햇빛을 많이 받으면 진한 분홍빛으로 물듦,가는 뿌리,"봄~가을 성장 (여름생장형, 겨울에 휴면)",0°C,밝은 그늘에서 키움,한 달에 두 번 정도 전체적으로 흠뻑 관수,"파종, 줄기꽂이, 잎꽂이",잘 견딤,,
흑법사(黑法師),"Aeonium arboreum 'Atropurpureum' , 돌나물과",카나리아 섬,햇빛을 많이 받으면 더 새까매져서 특유의 색이 나옴,가는 뿌리,가을~봄 성장 (겨울생장형),-2°C,"양지나 반그늘에서 키움
채색을 변화시키려면 많은 빛을 쬐어야 함",분 흙이 완전히 건조해졌을 때 흠뻑 관수,"줄기꽂이, 파종
어느 정도 자랐을 때 줄기 끝을 자르고 그늘진 곳에
놓아두면 곧 뿌리가 발생함",약간 돌봄,"발코니 내측까지 이용 가능함
- 잎 중심 초록색부위가 넓어져 잎끝으로만 진한 자주 빛",
유접곡,"Aeonium arnoldii, 돌나물과",아프리카 남부,잎의 갈색 무늬가 햇빛을 자주 볼수록 색이 선명해짐,가는 뿌리,"가을~봄 성장 (겨울생장형, 여름에 휴면)",-7°C,충분한 광을 받아야 웃자람이 없고 잎의 무늬가 선명해짐,완전히 건조해졌을 때 충분히 관수,"파종, 줄기꽂이",약간 돌봄,"발코니 내측까지 이용 가능함
- 잎이 녹색으로 변하고 잎 모양이 활짝 전개됨",
소인제,"Aeonium sedifolium, 돌나물과",카나리제도,햇빛을 받으면 잎면의 붉은색 무늬가 선명해짐,가는 뿌리,"가을~봄 성장 (여름생장형, 겨울에 휴면)",0°C,충분한 광을 받아야 웃자람이 없고 잎의 무늬가 선명해짐,완전히 건조해졌을 때 충분히 관수,"파종, 줄기꽂이",필요함,"발코니 내측까지 이용 가능함
- 잎이 녹색으로 변하고 잎 모양이 활짝 전개됨",
캐시미어바이올렛,"Aeonium velour, 돌나물과",카나리제도,빛을 충분히 받으면 잎장의 끝부터 자주 빛으로 물듦,가는 뿌리,가을~봄 성장 (겨울생장형),-7°C,,휴면기인 여름에는 단수,줄기꽂이,약간 돌봄,"발코니 창측까지 이용 가능함
- 잎이 넓어지고 벌어짐",
당인,"Kalanchoe thyrsifolia, 돌나물과",마다가스카르,"가을부터 겨울에 충분한 빛을 받으면
잎 가장자리의 홍색 테두리가 더욱
빨갛게 됨",가는 뿌리,봄~가을 성장 (겨울에 휴면),-2°C,간접광에서도 생육 가능하지만 많은 양의 직접광이 필요,분 흙이 완전히 마르면 흠뻑 관수,"잎꽂이, 포기나누기",필요함,"발코니 내측까지 이용 가능함
- 잎의 각도 벌어짐",
월토이,"Kalanchoe tomentosa, 돌나물과",마다가스카르,,가는 뿌리,봄~가을 성장 (겨울에 휴면),5°C,충분한 햇빛을 요구,한 달에 두 번 정도 흠뻑 관수,"줄기꽂이, 잎꽂이",잘 견딤,"발코니 창측까지 이용 가능함
- 잎의 각도 벌어짐",잎에 물이 닿지 않게 관수함
웅동자,"Cotyledon tomentosa, 돌나물과",남아프리카,가을이 되면 잎 가장자리의 돌기가 적갈색으로 물듦,가는 뿌리,"봄~가을 성장 (여름생장형, 겨울에 휴면)",-1°C,"강한 광선은 잎 끝을 빨간색으로 변색시킬 수
있으나 반그늘에서 문제없이 자람
한여름 고온의 직사광선을 피함",화분 위 흙만 젖도록 관수,"파종, 줄기꽂이",잘 견딤,"발코니 내측까지 이용 가능함
-잎 가장자리의 적갈색 반점을 유지",양지바른 곳에서 건조하게 키움
백미인,"Cotyledon orbiculata sp., 돌나물과",멕시코,,가는 뿌리,봄~가을 생장 (여름생장형),5~10°C,충분한 광 필요,한 달에 두 번 가량 흠뻑 관수,"파종, 잎꽂이, 줄기꽂이",약간 돌봄,발코니 창측까지 이용 가능함,
복랑,"Cotyledon orbiculata var. oophylla, 돌나물과",남아프리카,원통 모양의 잎 끝부분이 특유의 자홍색으로 물듦,가는 뿌리,봄~가을 생장 (여름생장형),5~10°C,직사광선을 피함,"1~2주에 한 번 흠뻑 관수 여름, 겨울철에는 관수
횟수를 줄임",자구꽂이,필요함,발코니 창측까지 이용 가능함,잎에 물이 닿지 않게 함
화제,"Crassula Americana 'Flame' , 돌나물과",아프리카,해를 자주 볼 수로 붉게 물듦,가는 뿌리,"봄~가을 성장 (여름생장형, 겨울에 휴면)",5~10°C,실외나 햇빛이 잘 드는 실내에서 키움,"잎이 쭈글거릴 때 듬뿍 관수함
건조하게 키워야 잎색이 선명해지고,
물을 많이 주면 잎이 초록색으로 됨","잎꽂이, 줄기꽂이",약간 돌봄,발코니 창측까지 이용 가능함,추위와 더위에 강함
적귀성,"Crassula cappitella 'Campfire' X C. fusca 'Momigimatsuri' , 돌나물과",남아프리카,푸른 색의 잎이 가을이 되면 붉게 물듦,가는 뿌리,"봄~가을 성장 (여름생장형, 겨울에 휴면)",5~10°C,충분한 빛,"건조하게 관리
잎에 주름이 생기기 시작할 때 관수","잎꽂이, 줄기꽂이",필요함,발코니 창측까지 이용 가능함,
크라슐라 ‘부다템플’,"Crassula 'Buddha's Temple' , 돌나물과",미국,잎의 가장자리부터 붉게 물듦,가는 뿌리,"가을~봄 성장 (겨울생장형, 여름에 휴면)",5~10°C,직광을 피한 밝은 광 요구,"겉흙이 완전히 마를 때 관수
여름철에는 가급적 건조하게 관리",줄기꽂이,필요함,"발코니 내측까지 이용 가능함
- 키가 자라 커다란 탑 모양을 만들지만 지지하는데
문제가 없고, 창측과 전혀 다른 모습이지만
관상가치 있음",
크라슐라 ‘다비드’,"Crassula 'David' , 돌나물과",남아프리카,생육환경에 따라 노란색에서 붉은색으로 물듦,가는 뿌리,"가을~봄 성장 (겨울생장형, 여름에 휴면)",5~10°C,직사광선을 피한 밝은 광 필요,"겉흙이 완전히 마를 때 관수
여름철에는 가급적 건조하게 관리","파종, 잎꽂이",약간 돌봄,발코니 창측까지 이용 가능함,월동 안 됨
백로,"Crassula deltoidea, 돌나물과",남아프리카,,가는 뿌리,"가을~봄 성장 (겨울생장형, 여름에 휴면)",5~10°C,"충분한 광, 한여름에는 직사광선을 피함","겉흙이 완전히 마를 때 관수
여름철에는 가급적 건조하게 관리",줄기꽂이,필요함,발코니 창측까지 이용 가능함,
은전,"Crassula mesembryanthemoides, 돌나물과","남아프리카공화국, 탄자니아",녹색의 잎 표면에 하얀색 솜털이 무성,가는 뿌리,"가을~봄 성장 (겨울생장형, 여름에 휴면)",0°C,직사광선을 피함,분 흙이 말랐을 때 흠뻑 관수,"자구꽂이, 줄기꽂이, 포기나누기",약간 돌봄,"발코니 내측까지 이용 가능함
- 창측의 형태를 유지하고 정단부쪽으로 약간
절간장이 길어지지만 관상가치 있음",
기천,"Crassula 'Moonglow' , 돌나물과",남아프리카,,가는 뿌리,"가을~봄 성장 (겨울생장형, 여름에 휴면)",5°C,"한여름의 강한 직사광선보다는 통풍이 잘 되는
밝은 그늘이 좋음","장마철에는 일주일 전부터 단수, 겨울철에는
물을 거의 주지 않음",줄기꽂이,필요함,"발코니 내측까지 이용 가능함
- 키만 약간 자라지만 지지하는데 문제가 없고
관상가치 있음",
애성,"Crassula nudicaulis var. herrei, 돌나물과",나미비아,"일조량과 통풍이 좋으면 옅은 녹색의 잎 테두리가
홍색으로 선명하게 물듦",가는 뿌리,"가을~봄 성장 (겨울생장형, 여름에 휴면)",5~10°C,충분한 광 요구,"한 달에 두 번 정도 흠뻑 관수
여름철에 단수","포기나누기, 줄기꽂이",필요함,발코니 창측까지 이용 가능함,
염자,"Crassula ovata, 돌나물과",남아프리카,녹색의 잎 가장자리가 붉게 물듦,가는 뿌리,"가을~봄 성장 (겨울생장형, 여름에 휴면)",3°C,밝은 빛이나 직사광선에서 잘 자람,"생장이 일시적으로 멈추는 한여름에 물을 너무
많이 주면 뿌리가 쉽게 썩음","잎꽂이, 줄기꽂이",약간 돌봄,발코니 내측까지 이용 가능함,실온에서 잘 자라며 겨울철에는 7-13°C의 저온에 두는 것이 좋다.
남십자성,"Crassula perforata var. variegata, 돌나물과",아프리카,연두색 잎이 강한 광을 받으면 잎 가장자리가 붉게 물듦,가는 뿌리,"가을~봄 성장 (겨울생장형, 여름에 휴면)",4~7°C,"충분한 광을 받아야 잎 간격이 촘촘하게 생장함
직사광선, 강광에 강함",한 달에 두 번 가량 분의 흙이 흠뻑 젖도록 관수,"줄기꽂이, 포기나누기",약간 돌봄,발코니 창측까지 이용 가능함,
십자성,"Crassula perforata, 돌나물과",남아프리카,"봄, 가을 빛을 충분히 받으면 잎 가장자리가 붉게 물듦",가는 뿌리,"가을~봄 성장 (겨울생장형, 여름에 휴면)",5°C,"웃자라지 않기 위해 충분한 광 필요
한여름 직사광선 피함",한 달에 두 번 가량 분의 흙이 흠뻑 젖도록 관수,"잎꽂이, 줄기꽂이",약간 돌봄,발코니 창측까지 이용 가능함,
우주목,"Crassula portulacea monstrosa 'Gollum' , 돌나물과",남아프리카,빛을 충분히 받으면 원통형의 잎 끝이 붉게 물듦,가는 뿌리,"가을~봄 성장 (겨울생장형, 여름에 휴면)",5°C,직사광선을 피함,"한 달에 두 번 정도 흠뻑 전면 관수
여름 장마철과 겨울에는 단수","잎꽂이, 줄기꽂이",약간 돌봄,"발코니 내측까지 이용 가능함
- 창측의 형태를 유지하나 붉은 빛은 적어지고
전반적으로 녹색을 띰",
무을녀,"Crassula rupestriss 'Marnieriana' , 돌나물과",남아프리카공화국,잎 끝에 붉은색,가는 뿌리,"가을~봄 성장 (겨울생장형, 여름에 휴면)",10°C,직사광선 등 충분한 햇빛 필요,한 달에 두번 정도 흠뻑 전면 관수,"줄기꽂이, 줄기를 2~3마디 정도 잘라 흙에
옮겨 심음
잘린 줄기는 두 개로 나뉘며 성장함",약간 돌봄,"발코니 창측까지 이용 가능함
- 발코니 내측에서는 가장 선단에 있는 어린 잎 웃자람",
신화월,"Crassula ovata 'Obliqua' , 돌나물과",남아프리카,,가는 뿌리,여름형(3~7월) /겨울형(9~1월),5°C,밝은 빛이나 직사광선에서 잘 자람,"줄기와 잎에 수분을 저장하고 있기 때문에 심한
건조도 견뎌낼 수 있어 분 흙의 표면이 말라도
바로 물을 줄 필요는 없음
생장이 일시적으로 멈추는 한여름에는 물을
너무 많이주면 뿌리가 쉽게 썩음","잎꽂이, 줄기꽂이",약간 돌봄,"발코니 내측까지 이용 가능함
- 잎에 광택이나는 녹색으로 건강해 보임","따뜻한 곳이라면 실외에서도 시들지 않지만,
서리에는 상당히 약하므로 주의함"
군작,"Pachyphytum viride, 돌나물과",멕시코,"어두운 녹색의 잎이 가을부터 겨울에 햇빛을
받으면 검붉은색으로 물듦",가는 뿌리,"봄~가을 성장 (여름생장형, 겨울에 휴면)",2~3°C,"빛이 잘 들고 통풍이 용이한 곳(베란다, 창가)","여름철, 겉흙이 말랐을 때 흠뻑 관수하며
겨울철에는 분 흙이 완전히 말랐을 때
촉촉하게 해줌
5°C이하의 저온과 30°C이상의 고온 휴면기에는
물을 주지 않음","잎꽂이, 줄기꽂이",약간 돌봄,"발코니 창측까지 이용 가능함
- 잎의 각도 벌어짐",
성미인,"Pachyphytum oviferum, 돌나물과",멕시코,옅은 청록색의 잎이 붉은 보라색으로 물듦,가는 뿌리,"봄~가을 성장 (여름생장형, 겨울에 휴면)",7°C,반그늘,"성장기에는 물을 한 번 주고 나면 흙을 완전히
건조 후에 관수함","줄기꽂이, 잎꽂이, 파종",필요함,"발코니 내측까지 이용 가능함
- 약간 키가 커졌으나 잎의 두께와 모양 등은
변하지 않고 관상가치 유지함",
홍미인,"Pachyphytum oviferum ‘Momovijin’ , 돌나물과",멕시코,잎끝부터 분홍빛으로 물듦,가는 뿌리,"봄~가을 성장 (여름생장형, 겨울에 휴면)",0°C,하루 4~5시간 이상의 충분한 광,,"잎꽂이, 줄기꽂이",약간 돌봄,"발코니 내측까지 이용 가능함
- 분홍빛은 띠지 않고 연한 백분을 유지함
잎의 각도가 아래로 벌어짐",
일레인,"Pachyveria 'Elaine Reinelt' , 돌나물과",,,가는 뿌리,여름형(3~7월) /겨울형(9~1월),,,,,약간 돌봄,발코니 창측까지 이용 가능함,
입전,"Pachyveria scheideckeri, 돌나물과",멕시코,,가는 뿌리,"봄~가을 성장 (여름생장형, 겨울에 휴면)",3°C,하루 4~5시간 이상의 햇빛을 요구함,한 달에 두 번 정도 흠뻑 관수,"잎꽂이, 자구꽂이",약간 돌봄,"발코니 창측까지 이용 가능함
- 잎이 아래로 쳐지면서 벌어짐",
자려전,"Pachyveria 'Royal Flush' , 돌나물과",멕시코,환경에 따라 흑자주색으로 물듦,,"봄~가을 성장 (여름생장형, 겨울에 휴면)",3°C,해가 드는 곳이나 밝은 곳,한 달에 1~2번 흠뻑 전면 관수,"잎꽂이, 줄기꽂이",약간 돌봄,발코니 창측까지 이용 가능함,
상조,"Pachyveria exotica, 돌나물과",멕시코,,가는 뿌리,"봄~가을 성장 (여름생장형, 겨울에 휴면)",3°C,,"분 흙이 마르면 충분히 관수
잎에 물이 닿지 않도록 주의함","잎꽂이, 자구꽂이",약간 돌봄,,
자보,"Gasteria gracilis var. minima, 백합과",남아프리카 남부,,굵은 뿌리,"봄, 가을 성장 (일 년 내내 성장)",-5°C,"한여름 한낮의 강한 직사광만 피하고 가능한
햇빛이 잘 드는 곳에서 기름
실내 약광, 간접광에도 잘 적응하는 편임","성장기인 여름철에는 일조량에 따라 화분 겉흙이
마를 때 물을 흠뻑 줌
봄, 가을에는 월 2회 정도, 겨울에는 월 1회 정도 관수",포기나누기,잘 견딤,"발코니 내측까지 이용 가능함
- 창측의 형태와 반점은 변함 없고 색깔이 녹색으로 변함",
불야성,"Aloe mitriformis, 나리과",남아프리카,초록색의 잎 둘레에 옅은 황색 가시가 있음,굵은 뿌리,봄~가을 성장 (여름생장형),5°C,"강한 직사광선에서 잘 자라지만 반그늘에서
관리하면 더 튼튼한 다육질이 됨","여름철에는 분 흙이 완전히 건조되었을 때
관수하고, 겨울에는 거의 물을 주지 않음","파종, 포기나누기",약간 돌봄,"발코니 내측까지 이용 가능함
- 창측에 비해 싱그러운 녹색을 띠며 생육하여
건강해 보임",
알로에,"Aloe ssp., 나리과",,,굵은 뿌리,봄~가을 성장 (여름생장형),5°C,"강한 직사광선에서 잘 자라지만 반그늘에서
관리하면 더 튼튼한 다육질이 됨","여름철에는 분 흙이 완전히 건조되었을 때
관수하고, 겨울에는 거의 주지 않음","파종, 포기나누기",약간 돌봄,"발코니 내측까지 이용 가능함
- 창측에 비해 싱그러운 녹색을 띠며 생육하여
건강해 보임",
십이지권,"Haworthia reinwardtii 'Brevucula' , 나리과",남아프리카,빛을 충분히 받으면 여러색으로 물듦,굵은 뿌리,"봄, 가을 성장 (일 년 내내 성장)",10~15°C,"밝은 빛을 좋아하지만 반양지성으로 5~9월의
따가운 직사광선은 차광하고 실내에서 기를 경우는
창가나 밝은 곳에서 기름","여름에는 분 흙이 마른 2~3일후에 충분히 관수
겨울 휴면기에는 단수함",포기나누기,약간 돌봄,"발코니 내측까지 이용 가능함
- 창측에 비해 형태 유지가 좋으며 싱그러운 녹색을
띠어 건강해 보임",
수,"Haworthia bayeri, 나리과",남아프리카,청록색 잎의 끝부분이 투명함,굵은 뿌리,"봄, 가을 성장 (일 년 내내 성장)",10~15°C,"강한 직사광선은 피하고 양지바르고 통풍이 잘되는
반그늘에서 키움
직사광선을 받으면 잎이 상함","분 흙이 충분히 말랐을 때 관수함
과습하지 않게 건조한 듯 관리","파종, 포기나누기, 자구꽂이",약간 돌봄,"발코니 내측까지 이용 가능함
- 잎이 진한 녹색으로 탱글탱글해짐","잎장이 따닥따닥 붙어 있어 통풍에 신경쓰지
않으면 곰팡이균이 서식하기 쉬움"
야로수,"Haworthia turgida var. longibracteata, 나리과",남아프리카,,굵은 뿌리,"봄, 가을 성장 (일 년 내내 성장)",10~15°C,"강한 직사광선은 피하고 양지바르고 통풍이 잘되는
반그늘에서 키움
직사광선을 받으면 잎이 갈변하며 상하고,
음지에서는 웃자라게 됨","분 흙이 충분히 말랐을 때 관수함
과습하지 않게 건조한 듯 관리","파종, 포기나누기, 자구꽂이",약간 돌봄,"발코니 내측까지 이용 가능함
- 창측보다 싱싱한 녹색으로 탱글탱글해짐","잎장이 따닥따닥 붙어 있어 통풍에 신경쓰지
않으면 곰팡이균이 서식하기 쉬움"
모난데스 폴리필라,"Monanthes polyphylla, 돌나물과",카나리아제도,빛을 충분히 받으면 잎 가장자리가 적갈색으로 물듦,가는 뿌리,가을~봄 성장 (겨울생장형),0°C,"여름에는 강광보다는 반그늘 통풍이 잘되는 곳에서
건조하게 키움","한 달에 두 번 정도 흠뻑 전면관수
다른 다육들 보다 물을 좀 더 자주 줘야 함",자구꽂이,약간 돌봄,,
사마로,"Sinocrassula yunnanensis, 돌나물과",중국,검은색 빛,가는 뿌리,"봄~가을 성장 (여름생장형, 겨울에 휴면)",3°C,충분한 광 필요,여름철에는 물을 적게 줌,"잎꽂이, 줄기꽂이",필요함,"발코니 내측까지 이용 가능함
- 약간 부피감이 커지는듯 하지만 형태와 색이
거의 변함 없음",
입전봉,"Sinocrassula densirosulata, 돌나물과",,잎 뒷면이 붉은색으로 변함,가는 뿌리,봄~가을 성장,5°C,충분한 광 필요,여름철에는 물을 적게 줌,"잎꽂이, 줄기꽂이",필요함,"발코니 내측까지 이용 가능함
- 약간 부피감이 커지고 붉은색이 연해짐",
벽어연,"Echinus maximilianus, 석류풀과",남아프리카 남부,온도 차가 심해지면 잎 끝부분이 붉게 물듦,가는 뿌리,가을~봄 성장 (겨울생장형),0°C,반그늘이나 부분적인 강광,"잎에 주름이 생기면 관수
휴면기인 여름철에는 단수하고 서늘한 곳에 둠","자구꽂이, 포기나누기",약간 돌봄,"발코니 내측까지 이용 가능함
- 창측과 형태와 색상 모두 유지함",
미파,"Faucaria tigrina 'Kikunami' , 석류풀과",남아프리카,녹색,가는 뿌리,"가을~봄 성장 (겨울생장형, 여름에 휴면)",0°C,"반그늘~부분적인 강광, 실내 밝은 곳에서 키움
한 여름에는 반그늘에서 키움","한 달에 한 번 정도 과습하지 않게 관리
여름철에는 물을 거의 주지 않음",잎꽂이,필요함,"발코니 내측까지 이용 가능함
- 창측과 형태와 색상 모두 유지함",
산세베리아 ‘하니’,"Sansevieria trifasciata 'Hahnii' , 용설란과",아프리카 콩고,,굵은 뿌리,봄~가을 성장 (겨울에 휴면),2~3°C,"고온에 강하므로 연중 광선이 잘 쬐는 반그늘
아래에서 잘 자라고 여름철에는 직사광선을
약간 피함",분 흙이 충분히 마른 뒤 며칠 후 충분히 관수,"포기나누기, 잎꽂이",약간 돌봄,"발코니 내측까지 이용 가능함
- 형태와 색상 모두 유지하고 싱싱한 녹색 빛을 띰","10월 상, 중순부터 물을 점차 줄이고 비료도
주지 않음
고온에서 잘 자라고 저온에는 매우 약하므로
겨울에 냉해를 입지 않도록 잘 보온하여
적정온도 20-25℃를 유지함"
페페로미아 그라베올렌스,"Peperomia graveolens, 후추과",페루,"잎의 앞면은 초록, 잎의 뒷면은 붉은색을 띰",가는 뿌리,봄~가을 성장 (겨울에 휴면),10°C,충분한 광 필요,분 흙이 마르면 흠뻑 관수 한겨울에는 단수,줄기꽂이,필요함,"발코니 내측까지 이용 가능함
- 창측의 형태 그대로 유지",직사광선 및 다습한 환경을 피함